SeaDoo GTX 260 Limited;750000р.;17 часов назад;https://www.avito.ru//kaliningrad/vodnyy_transport/seadoo_gtx_260_limited_1621212598
Ямаха fx-140;150000р.;1 час назад;https://www.avito.ru//zelenogradsk/vodnyy_transport/yamaha_fx-140_1950938721
Гидроцикл;580000р.;1 день назад;https://www.avito.ru//kaliningrad/vodnyy_transport/gidrotsikl_1780086235
Гидроцикл BRP 260 RS;699000р.;1 день назад;https://www.avito.ru//kaliningrad/vodnyy_transport/gidrotsikl_brp_260_rs_1776304367
Гидроцикл;1350000р.;4 дня назад;https://www.avito.ru//kaliningrad/vodnyy_transport/gidrotsikl_1907970341
Гидроцикл Yamaha EXR;952800р.;4 дня назад;https://www.avito.ru//kaliningrad/vodnyy_transport/gidrotsikl_yamaha_exr_1940084486
Гидроцикл Sea-Doo;448000р.;4 дня назад;https://www.avito.ru//kaliningrad/vodnyy_transport/gidrotsikl_sea-doo_1782536993
Гидроцикл yamaha с водными аттракционами;300000р.;1 неделю назад;https://www.avito.ru//kaliningrad/vodnyy_transport/gidrotsikl_yamaha_s_vodnymi_attraktsionami_1926979671
Brp sea doo rxp260 rs;660000р.;1 неделю назад;https://www.avito.ru//kaliningrad/vodnyy_transport/brp_sea_doo_rxp260_rs_1920050343
BRP seadoo gti;198999р.;1 неделю назад;https://www.avito.ru//kaliningrad/vodnyy_transport/brp_seadoo_gti_1797292482
Yamaha super jet700;130000р.;1 неделю назад;https://www.avito.ru//kaliningrad/vodnyy_transport/yamaha_super_jet700_1780088269
Гидроцикл;250000р.;1 неделю назад;https://www.avito.ru//kaliningrad/vodnyy_transport/gidrotsikl_1935911885
Kawasaki JetSki 1100;390000р.;1 неделю назад;https://www.avito.ru//kaliningrad/vodnyy_transport/kawasaki_jetski_1100_1372769286
Продам гидроцикл Bombardier;240000р.;2 недели назад;https://www.avito.ru//kaliningrad/vodnyy_transport/prodam_gidrotsikl_bombardier_1030296821
BRP RXP 215;280000р.;2 недели назад;https://www.avito.ru//kaliningrad/vodnyy_transport/brp_rxp_215_1938854464
Гидроцикл Yamaha MJ-800GP;260000р.;3 недели назад;https://www.avito.ru//kaliningrad/vodnyy_transport/gidrotsikl_yamaha_mj-800gp_1942112289
Гидроцикл BRP 260 rs;950000р.;3 недели назад;https://www.avito.ru//kaliningrad/vodnyy_transport/gidrotsikl_brp_260_rs_1811616349
RXP 215 sea doo;375000р.;3 недели назад;https://www.avito.ru//kaliningrad/vodnyy_transport/rxp_215_sea_doo_1174424508
Sea doo 3d;200000р.;3 недели назад;https://www.avito.ru//kaliningrad/vodnyy_transport/sea_doo_3d_1181912603
Yamaha;950000р.;2 недели назад;https://www.avito.ru//kaliningrad/vodnyy_transport/yamaha_1922493455
Продам подводный буксировщик;50000р.;6 июня 20:15;https://www.avito.ru//kaliningradskaya_oblast_pionerskiy/vodnyy_transport/prodam_podvodnyy_buksirovschik_1857254531
Продам гидроцикл brp rxt 155;300000р.;1 день назад;https://www.avito.ru//seredka/vodnyy_transport/prodam_gidrotsikl_brp_rxt_155_1955230228
Гидроцикл yamaha;390000р.;6 дней назад;https://www.avito.ru//pskov/vodnyy_transport/gidrotsikl_yamaha_1314702655
Bombardir 3d 110 л\с 2006г;235000р.;6 дней назад;https://www.avito.ru//pskov/vodnyy_transport/bombardir_3d_110_ls_2006g_1781840589
Bombardier GTX limited;235000р.;17 часов назад;https://www.avito.ru//pskov/vodnyy_transport/bombardier_gtx_limited_999079247
RXT 215;385000р.;8 часов назад;https://www.avito.ru//pskov/vodnyy_transport/rxt_215_1963300321
Sea Doo BRP rxp 260;780000р.;2 недели назад;https://www.avito.ru//pskov/vodnyy_transport/sea_doo_brp_rxp_260_1944994199
BRP RXP 255 RS;650000р.;5 дней назад;https://www.avito.ru//pskov/vodnyy_transport/brp_rxp_255_rs_1255533013
Гидрик;250000р.;3 недели назад;https://www.avito.ru//pskov/vodnyy_transport/gidrik_1928906774
Продам гидр кавасаки;100000р.;3 недели назад;https://www.avito.ru//pskov/vodnyy_transport/prodam_gidr_kavasaki_1786946921
Seadoo RXP BRP;470000р.;1 неделю назад;https://www.avito.ru//pskov/vodnyy_transport/seadoo_rxp_brp_1940187732
BRP sea doo XP limited;165000р.;1 неделю назад;https://www.avito.ru//pskov/vodnyy_transport/brp_sea_doo_xp_limited_1954318784
Xpdi;240000р.;2 недели назад;https://www.avito.ru//velikie_luki/vodnyy_transport/xpdi_1876489756
Brp xp;180000р.;1 неделю назад;https://www.avito.ru//velikie_luki/vodnyy_transport/brp_xp_1949586793
Гидроцикл yamaha wb-800r 2005гв;180000р.;2 недели назад;https://www.avito.ru//velikie_luki/vodnyy_transport/gidrotsikl_yamaha_wb-800r_2005gv_1505006291
Продам yamaha wb800;210000р.;1 неделю назад;https://www.avito.ru//velikie_luki/vodnyy_transport/prodam_yamaha_wb800_1910426500
Yamaha gp 1200r;310000р.;1 день назад;https://www.avito.ru//luga/vodnyy_transport/yamaha_gp_1200r_1966266231
Гидроцикл;100000р.;6 дней назад;https://www.avito.ru//leningradskaya_oblast_tolmachevo/vodnyy_transport/gidrotsikl_1514272733
Гидроцикл BRP GTX IS260;695000р.;2 недели назад;https://www.avito.ru//smolensk/vodnyy_transport/gidrotsikl_brp_gtx_is260_1848115967
Brp rxp 215;320000р.;3 недели назад;https://www.avito.ru//smolensk/vodnyy_transport/brp_rxp_215_1916209185
Гидроцикл yamaha GP800R;250000р.;4 дня назад;https://www.avito.ru//zapadnaya_dvina/vodnyy_transport/gidrotsikl_yamaha_gp800r_1941632471
BRP seadoo GSX;200000р.;1 неделю назад;https://www.avito.ru//shimsk/vodnyy_transport/brp_seadoo_gsx_1932856366
BRP SEA DOO GTI 155;490000р.;1 день назад;https://www.avito.ru//velikiy_novgorod/vodnyy_transport/brp_sea_doo_gti_155_1961129671
Гидроцикл BRP SeaDoo XP ltd;220000р.;2 недели назад;https://www.avito.ru//velikiy_novgorod/vodnyy_transport/gidrotsikl_brp_seadoo_xp_ltd_1110089973
Yamaha superjet 700;270000р.;2 дня назад;https://www.avito.ru//velikiy_novgorod/vodnyy_transport/yamaha_superjet_700_1960337919
Гидроцикл 4-х тактный ямаха VX-1100 sport 2011г.в;400000р.;2 недели назад;https://www.avito.ru//klintsy/vodnyy_transport/gidrotsikl_4-h_taktnyy_yamaha_vx-1100_sport_2011g.v_1924518025
BRP seadoo RX;250000р.;1 неделю назад;https://www.avito.ru//klintsy/vodnyy_transport/brp_seadoo_rx_1857374860
Yamaha super JET;250000р.;5 дней назад;https://www.avito.ru//klintsy/vodnyy_transport/yamaha_super_jet_1718550422
Hutle kraft;197000р.;1 неделю назад;https://www.avito.ru//klintsy/vodnyy_transport/hutle_kraft_1933949585
Гидроцикл BRP bombardir GTX HP sea doo;200000р.;2 недели назад;https://www.avito.ru//roslavl/vodnyy_transport/gidrotsikl_brp_bombardir_gtx_hp_sea_doo_1762078632
Гидроцикл BRP SeaDoo GSX;190000р.;1 неделю назад;https://www.avito.ru//sankt-peterburg/vodnyy_transport/gidrotsikl_brp_seadoo_gsx_1961623920
Бомбардье gsx 110лс;270000р.;3 недели назад;https://www.avito.ru//sankt-peterburg/vodnyy_transport/bombarde_gsx_110ls_1939020447
BRP seadoo XP;199000р.;1 неделю назад;https://www.avito.ru//sankt-peterburg/vodnyy_transport/brp_seadoo_xp_1656024810
BRP XP;210000р.;22 часа назад;https://www.avito.ru//smolenskaya_oblast_safonovo/vodnyy_transport/brp_xp_1579966233
Binelli Sport;250000р.;1 неделю назад;https://www.avito.ru//sankt-peterburg/vodnyy_transport/binelli_sport_1940764863
Brp 215 кузов;35000р.;1 неделю назад;https://www.avito.ru//sankt-peterburg/vodnyy_transport/brp_215_kuzov_1854151029
Yamaha VXR1800;600000р.;2 недели назад;https://www.avito.ru//sankt-peterburg/vodnyy_transport/yamaha_vxr1800_1023320008
Rickter xfs carbon dasa 1100;1050000р.;1 неделю назад;https://www.avito.ru//sankt-peterburg_sestroretsk/vodnyy_transport/rickter_xfs_carbon_dasa_1100_1938593534
Yamaha super jet;160000р.;6 дней назад;https://www.avito.ru//sankt-peterburg/vodnyy_transport/yamaha_super_jet_1926800385
Пантон для гидроцикла;30000р.;2 дня назад;https://www.avito.ru//sankt-peterburg/vodnyy_transport/panton_dlya_gidrotsikla_1961289048
Гидроцикл BRP RXP X 300 RS 2020;1500000р.;4 дня назад;https://www.avito.ru//sankt-peterburg_sestroretsk/vodnyy_transport/gidrotsikl_brp_rxp_x_300_rs_2020_1885668181
Гидроцикл BRP RXT X 300 с музыкой 2020;1600000р.;2 недели назад;https://www.avito.ru//sankt-peterburg_sestroretsk/vodnyy_transport/gidrotsikl_brp_rxt_x_300_s_muzykoy_2020_1949153719
Гидроцикл BRP Wave Boat 525;2000000р.;2 недели назад;https://www.avito.ru//sankt-peterburg_sestroretsk/vodnyy_transport/gidrotsikl_brp_wave_boat_525_1949831797
Гидроцикл BRP GTX 300 Ltd 2020;1700000р.;4 дня назад;https://www.avito.ru//sankt-peterburg_sestroretsk/vodnyy_transport/gidrotsikl_brp_gtx_300_ltd_2020_1917348211
Гидроцикл yamaha FX Cruiser 1800 2014;1000000р.;3 недели назад;https://www.avito.ru//sankt-peterburg_sestroretsk/vodnyy_transport/gidrotsikl_yamaha_fx_cruiser_1800_2014_1917620339
Гидроцикл Spark-3up;550000р.;2 недели назад;https://www.avito.ru//sankt-peterburg/vodnyy_transport/gidrotsikl_spark-3up_1798128347
Гидроцикл BRP sea doo GTI 130 2013;599000р.;4 дня назад;https://www.avito.ru//sankt-peterburg_zelenogorsk/vodnyy_transport/gidrotsikl_brp_sea_doo_gti_130_2013_928109801
BRP XP DI;299900р.;6 дней назад;https://www.avito.ru//sankt-peterburg/vodnyy_transport/brp_xp_di_1969347023
Yamaha Super Jet 700 2007;260000р.;5 дней назад;https://www.avito.ru//sankt-peterburg/vodnyy_transport/yamaha_super_jet_700_2007_972811104
Sea Doo GTS 130 гидроцикл;485000р.;1 неделю назад;https://www.avito.ru//sankt-peterburg/vodnyy_transport/sea_doo_gts_130_gidrotsikl_1859507470
Brp Rxp 300 2017г;1200000р.;5 дней назад;https://www.avito.ru//sankt-peterburg/vodnyy_transport/brp_rxp_300_2017g_1952258605
SeaDoo GTX 260 Limited;750000р.;17 часов назад;https://www.avito.ru//kaliningrad/vodnyy_transport/seadoo_gtx_260_limited_1621212598
Ямаха fx-140;150000р.;1 час назад;https://www.avito.ru//zelenogradsk/vodnyy_transport/yamaha_fx-140_1950938721
Гидроцикл;580000р.;1 день назад;https://www.avito.ru//kaliningrad/vodnyy_transport/gidrotsikl_1780086235
Гидроцикл BRP 260 RS;699000р.;1 день назад;https://www.avito.ru//kaliningrad/vodnyy_transport/gidrotsikl_brp_260_rs_1776304367
Гидроцикл;1350000р.;4 дня назад;https://www.avito.ru//kaliningrad/vodnyy_transport/gidrotsikl_1907970341
Гидроцикл Yamaha EXR;952800р.;4 дня назад;https://www.avito.ru//kaliningrad/vodnyy_transport/gidrotsikl_yamaha_exr_1940084486
Гидроцикл Sea-Doo;448000р.;4 дня назад;https://www.avito.ru//kaliningrad/vodnyy_transport/gidrotsikl_sea-doo_1782536993
Гидроцикл yamaha с водными аттракционами;300000р.;1 неделю назад;https://www.avito.ru//kaliningrad/vodnyy_transport/gidrotsikl_yamaha_s_vodnymi_attraktsionami_1926979671
Brp sea doo rxp260 rs;660000р.;1 неделю назад;https://www.avito.ru//kaliningrad/vodnyy_transport/brp_sea_doo_rxp260_rs_1920050343
BRP seadoo gti;198999р.;1 неделю назад;https://www.avito.ru//kaliningrad/vodnyy_transport/brp_seadoo_gti_1797292482
Yamaha super jet700;130000р.;1 неделю назад;https://www.avito.ru//kaliningrad/vodnyy_transport/yamaha_super_jet700_1780088269
Гидроцикл;250000р.;1 неделю назад;https://www.avito.ru//kaliningrad/vodnyy_transport/gidrotsikl_1935911885
Kawasaki JetSki 1100;390000р.;1 неделю назад;https://www.avito.ru//kaliningrad/vodnyy_transport/kawasaki_jetski_1100_1372769286
Продам гидроцикл Bombardier;240000р.;2 недели назад;https://www.avito.ru//kaliningrad/vodnyy_transport/prodam_gidrotsikl_bombardier_1030296821
BRP RXP 215;280000р.;2 недели назад;https://www.avito.ru//kaliningrad/vodnyy_transport/brp_rxp_215_1938854464
Гидроцикл Yamaha MJ-800GP;260000р.;3 недели назад;https://www.avito.ru//kaliningrad/vodnyy_transport/gidrotsikl_yamaha_mj-800gp_1942112289
Гидроцикл BRP 260 rs;950000р.;3 недели назад;https://www.avito.ru//kaliningrad/vodnyy_transport/gidrotsikl_brp_260_rs_1811616349
RXP 215 sea doo;375000р.;3 недели назад;https://www.avito.ru//kaliningrad/vodnyy_transport/rxp_215_sea_doo_1174424508
Sea doo 3d;200000р.;3 недели назад;https://www.avito.ru//kaliningrad/vodnyy_transport/sea_doo_3d_1181912603
Yamaha;950000р.;2 недели назад;https://www.avito.ru//kaliningrad/vodnyy_transport/yamaha_1922493455
Продам подводный буксировщик;50000р.;6 июня 20:15;https://www.avito.ru//kaliningradskaya_oblast_pionerskiy/vodnyy_transport/prodam_podvodnyy_buksirovschik_1857254531
Продам гидроцикл brp rxt 155;300000р.;1 день назад;https://www.avito.ru//seredka/vodnyy_transport/prodam_gidrotsikl_brp_rxt_155_1955230228
Гидроцикл yamaha;390000р.;6 дней назад;https://www.avito.ru//pskov/vodnyy_transport/gidrotsikl_yamaha_1314702655
Bombardir 3d 110 л\с 2006г;235000р.;6 дней назад;https://www.avito.ru//pskov/vodnyy_transport/bombardir_3d_110_ls_2006g_1781840589
Bombardier GTX limited;235000р.;17 часов назад;https://www.avito.ru//pskov/vodnyy_transport/bombardier_gtx_limited_999079247
RXT 215;385000р.;8 часов назад;https://www.avito.ru//pskov/vodnyy_transport/rxt_215_1963300321
Sea Doo BRP rxp 260;780000р.;2 недели назад;https://www.avito.ru//pskov/vodnyy_transport/sea_doo_brp_rxp_260_1944994199
BRP RXP 255 RS;650000р.;5 дней назад;https://www.avito.ru//pskov/vodnyy_transport/brp_rxp_255_rs_1255533013
Гидрик;250000р.;3 недели назад;https://www.avito.ru//pskov/vodnyy_transport/gidrik_1928906774
Продам гидр кавасаки;100000р.;3 недели назад;https://www.avito.ru//pskov/vodnyy_transport/prodam_gidr_kavasaki_1786946921
Seadoo RXP BRP;470000р.;1 неделю назад;https://www.avito.ru//pskov/vodnyy_transport/seadoo_rxp_brp_1940187732
BRP sea doo XP limited;165000р.;1 неделю назад;https://www.avito.ru//pskov/vodnyy_transport/brp_sea_doo_xp_limited_1954318784
Xpdi;240000р.;2 недели назад;https://www.avito.ru//velikie_luki/vodnyy_transport/xpdi_1876489756
Brp xp;180000р.;1 неделю назад;https://www.avito.ru//velikie_luki/vodnyy_transport/brp_xp_1949586793
Гидроцикл yamaha wb-800r 2005гв;180000р.;2 недели назад;https://www.avito.ru//velikie_luki/vodnyy_transport/gidrotsikl_yamaha_wb-800r_2005gv_1505006291
Продам yamaha wb800;210000р.;1 неделю назад;https://www.avito.ru//velikie_luki/vodnyy_transport/prodam_yamaha_wb800_1910426500
Yamaha gp 1200r;310000р.;1 день назад;https://www.avito.ru//luga/vodnyy_transport/yamaha_gp_1200r_1966266231
Гидроцикл;100000р.;6 дней назад;https://www.avito.ru//leningradskaya_oblast_tolmachevo/vodnyy_transport/gidrotsikl_1514272733
Гидроцикл BRP GTX IS260;695000р.;2 недели назад;https://www.avito.ru//smolensk/vodnyy_transport/gidrotsikl_brp_gtx_is260_1848115967
Brp rxp 215;320000р.;3 недели назад;https://www.avito.ru//smolensk/vodnyy_transport/brp_rxp_215_1916209185
Гидроцикл yamaha GP800R;250000р.;4 дня назад;https://www.avito.ru//zapadnaya_dvina/vodnyy_transport/gidrotsikl_yamaha_gp800r_1941632471
BRP seadoo GSX;200000р.;1 неделю назад;https://www.avito.ru//shimsk/vodnyy_transport/brp_seadoo_gsx_1932856366
BRP SEA DOO GTI 155;490000р.;1 день назад;https://www.avito.ru//velikiy_novgorod/vodnyy_transport/brp_sea_doo_gti_155_1961129671
Гидроцикл BRP SeaDoo XP ltd;220000р.;2 недели назад;https://www.avito.ru//velikiy_novgorod/vodnyy_transport/gidrotsikl_brp_seadoo_xp_ltd_1110089973
Yamaha superjet 700;270000р.;2 дня назад;https://www.avito.ru//velikiy_novgorod/vodnyy_transport/yamaha_superjet_700_1960337919
Гидроцикл 4-х тактный ямаха VX-1100 sport 2011г.в;400000р.;2 недели назад;https://www.avito.ru//klintsy/vodnyy_transport/gidrotsikl_4-h_taktnyy_yamaha_vx-1100_sport_2011g.v_1924518025
BRP seadoo RX;250000р.;1 неделю назад;https://www.avito.ru//klintsy/vodnyy_transport/brp_seadoo_rx_1857374860
Yamaha super JET;250000р.;5 дней назад;https://www.avito.ru//klintsy/vodnyy_transport/yamaha_super_jet_1718550422
Hutle kraft;197000р.;1 неделю назад;https://www.avito.ru//klintsy/vodnyy_transport/hutle_kraft_1933949585
Гидроцикл BRP bombardir GTX HP sea doo;200000р.;2 недели назад;https://www.avito.ru//roslavl/vodnyy_transport/gidrotsikl_brp_bombardir_gtx_hp_sea_doo_1762078632
Гидроцикл BRP SeaDoo GSX;190000р.;1 неделю назад;https://www.avito.ru//sankt-peterburg/vodnyy_transport/gidrotsikl_brp_seadoo_gsx_1961623920
Бомбардье gsx 110лс;270000р.;3 недели назад;https://www.avito.ru//sankt-peterburg/vodnyy_transport/bombarde_gsx_110ls_1939020447
BRP seadoo XP;199000р.;1 неделю назад;https://www.avito.ru//sankt-peterburg/vodnyy_transport/brp_seadoo_xp_1656024810
BRP XP;210000р.;22 часа назад;https://www.avito.ru//smolenskaya_oblast_safonovo/vodnyy_transport/brp_xp_1579966233
Binelli Sport;250000р.;1 неделю назад;https://www.avito.ru//sankt-peterburg/vodnyy_transport/binelli_sport_1940764863
Brp 215 кузов;35000р.;1 неделю назад;https://www.avito.ru//sankt-peterburg/vodnyy_transport/brp_215_kuzov_1854151029
Yamaha VXR1800;600000р.;2 недели назад;https://www.avito.ru//sankt-peterburg/vodnyy_transport/yamaha_vxr1800_1023320008
Rickter xfs carbon dasa 1100;1050000р.;1 неделю назад;https://www.avito.ru//sankt-peterburg_sestroretsk/vodnyy_transport/rickter_xfs_carbon_dasa_1100_1938593534
Yamaha super jet;160000р.;6 дней назад;https://www.avito.ru//sankt-peterburg/vodnyy_transport/yamaha_super_jet_1926800385
Пантон для гидроцикла;30000р.;2 дня назад;https://www.avito.ru//sankt-peterburg/vodnyy_transport/panton_dlya_gidrotsikla_1961289048
Гидроцикл BRP RXP X 300 RS 2020;1500000р.;4 дня назад;https://www.avito.ru//sankt-peterburg_sestroretsk/vodnyy_transport/gidrotsikl_brp_rxp_x_300_rs_2020_1885668181
Гидроцикл BRP RXT X 300 с музыкой 2020;1600000р.;2 недели назад;https://www.avito.ru//sankt-peterburg_sestroretsk/vodnyy_transport/gidrotsikl_brp_rxt_x_300_s_muzykoy_2020_1949153719
Гидроцикл BRP Wave Boat 525;2000000р.;2 недели назад;https://www.avito.ru//sankt-peterburg_sestroretsk/vodnyy_transport/gidrotsikl_brp_wave_boat_525_1949831797
Гидроцикл BRP GTX 300 Ltd 2020;1700000р.;4 дня назад;https://www.avito.ru//sankt-peterburg_sestroretsk/vodnyy_transport/gidrotsikl_brp_gtx_300_ltd_2020_1917348211
Гидроцикл yamaha FX Cruiser 1800 2014;1000000р.;3 недели назад;https://www.avito.ru//sankt-peterburg_sestroretsk/vodnyy_transport/gidrotsikl_yamaha_fx_cruiser_1800_2014_1917620339
Гидроцикл Spark-3up;550000р.;2 недели назад;https://www.avito.ru//sankt-peterburg/vodnyy_transport/gidrotsikl_spark-3up_1798128347
Гидроцикл BRP sea doo GTI 130 2013;599000р.;4 дня назад;https://www.avito.ru//sankt-peterburg_zelenogorsk/vodnyy_transport/gidrotsikl_brp_sea_doo_gti_130_2013_928109801
BRP XP DI;299900р.;6 дней назад;https://www.avito.ru//sankt-peterburg/vodnyy_transport/brp_xp_di_1969347023
Yamaha Super Jet 700 2007;260000р.;5 дней назад;https://www.avito.ru//sankt-peterburg/vodnyy_transport/yamaha_super_jet_700_2007_972811104
Sea Doo GTS 130 гидроцикл;485000р.;1 неделю назад;https://www.avito.ru//sankt-peterburg/vodnyy_transport/sea_doo_gts_130_gidrotsikl_1859507470
Brp Rxp 300 2017г;1200000р.;5 дней назад;https://www.avito.ru//sankt-peterburg/vodnyy_transport/brp_rxp_300_2017g_1952258605
SeaDoo GTX 260 Limited;750000р.;17 часов назад;https://www.avito.ru//kaliningrad/vodnyy_transport/seadoo_gtx_260_limited_1621212598
Ямаха fx-140;150000р.;1 час назад;https://www.avito.ru//zelenogradsk/vodnyy_transport/yamaha_fx-140_1950938721
Гидроцикл;580000р.;1 день назад;https://www.avito.ru//kaliningrad/vodnyy_transport/gidrotsikl_1780086235
Гидроцикл BRP 260 RS;699000р.;1 день назад;https://www.avito.ru//kaliningrad/vodnyy_transport/gidrotsikl_brp_260_rs_1776304367
Гидроцикл;1350000р.;4 дня назад;https://www.avito.ru//kaliningrad/vodnyy_transport/gidrotsikl_1907970341
Гидроцикл Yamaha EXR;952800р.;4 дня назад;https://www.avito.ru//kaliningrad/vodnyy_transport/gidrotsikl_yamaha_exr_1940084486
Гидроцикл Sea-Doo;448000р.;4 дня назад;https://www.avito.ru//kaliningrad/vodnyy_transport/gidrotsikl_sea-doo_1782536993
Гидроцикл yamaha с водными аттракционами;300000р.;1 неделю назад;https://www.avito.ru//kaliningrad/vodnyy_transport/gidrotsikl_yamaha_s_vodnymi_attraktsionami_1926979671
BRP seadoo gti;198999р.;1 неделю назад;https://www.avito.ru//kaliningrad/vodnyy_transport/brp_seadoo_gti_1797292482
Brp sea doo rxp260 rs;660000р.;1 неделю назад;https://www.avito.ru//kaliningrad/vodnyy_transport/brp_sea_doo_rxp260_rs_1920050343
Yamaha super jet700;130000р.;1 неделю назад;https://www.avito.ru//kaliningrad/vodnyy_transport/yamaha_super_jet700_1780088269
BRP RXP 215;280000р.;2 недели назад;https://www.avito.ru//kaliningrad/vodnyy_transport/brp_rxp_215_1938854464
Гидроцикл;250000р.;1 неделю назад;https://www.avito.ru//kaliningrad/vodnyy_transport/gidrotsikl_1935911885
Продам гидроцикл Bombardier;240000р.;2 недели назад;https://www.avito.ru//kaliningrad/vodnyy_transport/prodam_gidrotsikl_bombardier_1030296821
Гидроцикл BRP 260 rs;950000р.;3 недели назад;https://www.avito.ru//kaliningrad/vodnyy_transport/gidrotsikl_brp_260_rs_1811616349
Kawasaki JetSki 1100;390000р.;1 неделю назад;https://www.avito.ru//kaliningrad/vodnyy_transport/kawasaki_jetski_1100_1372769286
Гидроцикл Yamaha MJ-800GP;260000р.;3 недели назад;https://www.avito.ru//kaliningrad/vodnyy_transport/gidrotsikl_yamaha_mj-800gp_1942112289
RXP 215 sea doo;375000р.;3 недели назад;https://www.avito.ru//kaliningrad/vodnyy_transport/rxp_215_sea_doo_1174424508
Sea doo 3d;200000р.;3 недели назад;https://www.avito.ru//kaliningrad/vodnyy_transport/sea_doo_3d_1181912603
Yamaha;950000р.;2 недели назад;https://www.avito.ru//kaliningrad/vodnyy_transport/yamaha_1922493455
Продам подводный буксировщик;50000р.;6 июня 20:15;https://www.avito.ru//kaliningradskaya_oblast_pionerskiy/vodnyy_transport/prodam_podvodnyy_buksirovschik_1857254531
Продам гидроцикл brp rxt 155;300000р.;1 день назад;https://www.avito.ru//seredka/vodnyy_transport/prodam_gidrotsikl_brp_rxt_155_1955230228
Гидроцикл yamaha;390000р.;6 дней назад;https://www.avito.ru//pskov/vodnyy_transport/gidrotsikl_yamaha_1314702655
Bombardir 3d 110 л\с 2006г;235000р.;6 дней назад;https://www.avito.ru//pskov/vodnyy_transport/bombardir_3d_110_ls_2006g_1781840589
Bombardier GTX limited;235000р.;17 часов назад;https://www.avito.ru//pskov/vodnyy_transport/bombardier_gtx_limited_999079247
RXT 215;385000р.;8 часов назад;https://www.avito.ru//pskov/vodnyy_transport/rxt_215_1963300321
Sea Doo BRP rxp 260;780000р.;2 недели назад;https://www.avito.ru//pskov/vodnyy_transport/sea_doo_brp_rxp_260_1944994199
BRP RXP 255 RS;650000р.;5 дней назад;https://www.avito.ru//pskov/vodnyy_transport/brp_rxp_255_rs_1255533013
Гидрик;250000р.;3 недели назад;https://www.avito.ru//pskov/vodnyy_transport/gidrik_1928906774
Продам гидр кавасаки;100000р.;3 недели назад;https://www.avito.ru//pskov/vodnyy_transport/prodam_gidr_kavasaki_1786946921
Seadoo RXP BRP;470000р.;1 неделю назад;https://www.avito.ru//pskov/vodnyy_transport/seadoo_rxp_brp_1940187732
BRP sea doo XP limited;165000р.;1 неделю назад;https://www.avito.ru//pskov/vodnyy_transport/brp_sea_doo_xp_limited_1954318784
Xpdi;240000р.;2 недели назад;https://www.avito.ru//velikie_luki/vodnyy_transport/xpdi_1876489756
Brp xp;180000р.;1 неделю назад;https://www.avito.ru//velikie_luki/vodnyy_transport/brp_xp_1949586793
Гидроцикл yamaha wb-800r 2005гв;180000р.;2 недели назад;https://www.avito.ru//velikie_luki/vodnyy_transport/gidrotsikl_yamaha_wb-800r_2005gv_1505006291
Продам yamaha wb800;210000р.;1 неделю назад;https://www.avito.ru//velikie_luki/vodnyy_transport/prodam_yamaha_wb800_1910426500
Yamaha gp 1200r;310000р.;1 день назад;https://www.avito.ru//luga/vodnyy_transport/yamaha_gp_1200r_1966266231
Гидроцикл;100000р.;6 дней назад;https://www.avito.ru//leningradskaya_oblast_tolmachevo/vodnyy_transport/gidrotsikl_1514272733
Гидроцикл BRP GTX IS260;695000р.;2 недели назад;https://www.avito.ru//smolensk/vodnyy_transport/gidrotsikl_brp_gtx_is260_1848115967
Brp rxp 215;320000р.;3 недели назад;https://www.avito.ru//smolensk/vodnyy_transport/brp_rxp_215_1916209185
Гидроцикл yamaha GP800R;250000р.;4 дня назад;https://www.avito.ru//zapadnaya_dvina/vodnyy_transport/gidrotsikl_yamaha_gp800r_1941632471
BRP seadoo GSX;200000р.;1 неделю назад;https://www.avito.ru//shimsk/vodnyy_transport/brp_seadoo_gsx_1932856366
BRP SEA DOO GTI 155;490000р.;1 день назад;https://www.avito.ru//velikiy_novgorod/vodnyy_transport/brp_sea_doo_gti_155_1961129671
Гидроцикл BRP SeaDoo XP ltd;220000р.;2 недели назад;https://www.avito.ru//velikiy_novgorod/vodnyy_transport/gidrotsikl_brp_seadoo_xp_ltd_1110089973
Yamaha superjet 700;270000р.;2 дня назад;https://www.avito.ru//velikiy_novgorod/vodnyy_transport/yamaha_superjet_700_1960337919
Гидроцикл 4-х тактный ямаха VX-1100 sport 2011г.в;400000р.;2 недели назад;https://www.avito.ru//klintsy/vodnyy_transport/gidrotsikl_4-h_taktnyy_yamaha_vx-1100_sport_2011g.v_1924518025
BRP seadoo RX;250000р.;1 неделю назад;https://www.avito.ru//klintsy/vodnyy_transport/brp_seadoo_rx_1857374860
Yamaha super JET;250000р.;5 дней назад;https://www.avito.ru//klintsy/vodnyy_transport/yamaha_super_jet_1718550422
Hutle kraft;197000р.;1 неделю назад;https://www.avito.ru//klintsy/vodnyy_transport/hutle_kraft_1933949585
Гидроцикл BRP bombardir GTX HP sea doo;200000р.;2 недели назад;https://www.avito.ru//roslavl/vodnyy_transport/gidrotsikl_brp_bombardir_gtx_hp_sea_doo_1762078632
Гидроцикл BRP SeaDoo GSX;190000р.;1 неделю назад;https://www.avito.ru//sankt-peterburg/vodnyy_transport/gidrotsikl_brp_seadoo_gsx_1961623920
Бомбардье gsx 110лс;270000р.;3 недели назад;https://www.avito.ru//sankt-peterburg/vodnyy_transport/bombarde_gsx_110ls_1939020447
BRP seadoo XP;199000р.;1 неделю назад;https://www.avito.ru//sankt-peterburg/vodnyy_transport/brp_seadoo_xp_1656024810
BRP XP;210000р.;22 часа назад;https://www.avito.ru//smolenskaya_oblast_safonovo/vodnyy_transport/brp_xp_1579966233
Binelli Sport;250000р.;1 неделю назад;https://www.avito.ru//sankt-peterburg/vodnyy_transport/binelli_sport_1940764863
Brp 215 кузов;35000р.;1 неделю назад;https://www.avito.ru//sankt-peterburg/vodnyy_transport/brp_215_kuzov_1854151029
Yamaha VXR1800;600000р.;2 недели назад;https://www.avito.ru//sankt-peterburg/vodnyy_transport/yamaha_vxr1800_1023320008
Rickter xfs carbon dasa 1100;1050000р.;1 неделю назад;https://www.avito.ru//sankt-peterburg_sestroretsk/vodnyy_transport/rickter_xfs_carbon_dasa_1100_1938593534
Yamaha super jet;160000р.;6 дней назад;https://www.avito.ru//sankt-peterburg/vodnyy_transport/yamaha_super_jet_1926800385
Пантон для гидроцикла;30000р.;2 дня назад;https://www.avito.ru//sankt-peterburg/vodnyy_transport/panton_dlya_gidrotsikla_1961289048
Гидроцикл BRP RXP X 300 RS 2020;1500000р.;4 дня назад;https://www.avito.ru//sankt-peterburg_sestroretsk/vodnyy_transport/gidrotsikl_brp_rxp_x_300_rs_2020_1885668181
Гидроцикл BRP RXT X 300 с музыкой 2020;1600000р.;2 недели назад;https://www.avito.ru//sankt-peterburg_sestroretsk/vodnyy_transport/gidrotsikl_brp_rxt_x_300_s_muzykoy_2020_1949153719
Гидроцикл BRP Wave Boat 525;2000000р.;2 недели назад;https://www.avito.ru//sankt-peterburg_sestroretsk/vodnyy_transport/gidrotsikl_brp_wave_boat_525_1949831797
Гидроцикл BRP GTX 300 Ltd 2020;1700000р.;4 дня назад;https://www.avito.ru//sankt-peterburg_sestroretsk/vodnyy_transport/gidrotsikl_brp_gtx_300_ltd_2020_1917348211
Гидроцикл yamaha FX Cruiser 1800 2014;1000000р.;3 недели назад;https://www.avito.ru//sankt-peterburg_sestroretsk/vodnyy_transport/gidrotsikl_yamaha_fx_cruiser_1800_2014_1917620339
Гидроцикл Spark-3up;550000р.;2 недели назад;https://www.avito.ru//sankt-peterburg/vodnyy_transport/gidrotsikl_spark-3up_1798128347
Гидроцикл BRP sea doo GTI 130 2013;599000р.;4 дня назад;https://www.avito.ru//sankt-peterburg_zelenogorsk/vodnyy_transport/gidrotsikl_brp_sea_doo_gti_130_2013_928109801
BRP XP DI;299900р.;6 дней назад;https://www.avito.ru//sankt-peterburg/vodnyy_transport/brp_xp_di_1969347023
Yamaha Super Jet 700 2007;260000р.;5 дней назад;https://www.avito.ru//sankt-peterburg/vodnyy_transport/yamaha_super_jet_700_2007_972811104
Sea Doo GTS 130 гидроцикл;485000р.;1 неделю назад;https://www.avito.ru//sankt-peterburg/vodnyy_transport/sea_doo_gts_130_gidrotsikl_1859507470
Brp Rxp 300 2017г;1200000р.;5 дней назад;https://www.avito.ru//sankt-peterburg/vodnyy_transport/brp_rxp_300_2017g_1952258605
SeaDoo GTX 260 Limited;750000р.;17 часов назад;https://www.avito.ru//kaliningrad/vodnyy_transport/seadoo_gtx_260_limited_1621212598
Ямаха fx-140;150000р.;1 час назад;https://www.avito.ru//zelenogradsk/vodnyy_transport/yamaha_fx-140_1950938721
Гидроцикл;580000р.;1 день назад;https://www.avito.ru//kaliningrad/vodnyy_transport/gidrotsikl_1780086235
Гидроцикл BRP 260 RS;699000р.;1 день назад;https://www.avito.ru//kaliningrad/vodnyy_transport/gidrotsikl_brp_260_rs_1776304367
Гидроцикл;1350000р.;4 дня назад;https://www.avito.ru//kaliningrad/vodnyy_transport/gidrotsikl_1907970341
Гидроцикл Yamaha EXR;952800р.;4 дня назад;https://www.avito.ru//kaliningrad/vodnyy_transport/gidrotsikl_yamaha_exr_1940084486
Гидроцикл Sea-Doo;448000р.;4 дня назад;https://www.avito.ru//kaliningrad/vodnyy_transport/gidrotsikl_sea-doo_1782536993
Гидроцикл yamaha с водными аттракционами;300000р.;1 неделю назад;https://www.avito.ru//kaliningrad/vodnyy_transport/gidrotsikl_yamaha_s_vodnymi_attraktsionami_1926979671
Brp sea doo rxp260 rs;660000р.;1 неделю назад;https://www.avito.ru//kaliningrad/vodnyy_transport/brp_sea_doo_rxp260_rs_1920050343
BRP seadoo gti;198999р.;1 неделю назад;https://www.avito.ru//kaliningrad/vodnyy_transport/brp_seadoo_gti_1797292482
Yamaha super jet700;130000р.;1 неделю назад;https://www.avito.ru//kaliningrad/vodnyy_transport/yamaha_super_jet700_1780088269
Гидроцикл;250000р.;1 неделю назад;https://www.avito.ru//kaliningrad/vodnyy_transport/gidrotsikl_1935911885
Kawasaki JetSki 1100;390000р.;1 неделю назад;https://www.avito.ru//kaliningrad/vodnyy_transport/kawasaki_jetski_1100_1372769286
Продам гидроцикл Bombardier;240000р.;2 недели назад;https://www.avito.ru//kaliningrad/vodnyy_transport/prodam_gidrotsikl_bombardier_1030296821
BRP RXP 215;280000р.;2 недели назад;https://www.avito.ru//kaliningrad/vodnyy_transport/brp_rxp_215_1938854464
Гидроцикл Yamaha MJ-800GP;260000р.;3 недели назад;https://www.avito.ru//kaliningrad/vodnyy_transport/gidrotsikl_yamaha_mj-800gp_1942112289
Гидроцикл BRP 260 rs;950000р.;3 недели назад;https://www.avito.ru//kaliningrad/vodnyy_transport/gidrotsikl_brp_260_rs_1811616349
RXP 215 sea doo;375000р.;3 недели назад;https://www.avito.ru//kaliningrad/vodnyy_transport/rxp_215_sea_doo_1174424508
Sea doo 3d;200000р.;3 недели назад;https://www.avito.ru//kaliningrad/vodnyy_transport/sea_doo_3d_1181912603
Yamaha;950000р.;2 недели назад;https://www.avito.ru//kaliningrad/vodnyy_transport/yamaha_1922493455
Продам подводный буксировщик;50000р.;6 июня 20:15;https://www.avito.ru//kaliningradskaya_oblast_pionerskiy/vodnyy_transport/prodam_podvodnyy_buksirovschik_1857254531
Продам гидроцикл brp rxt 155;300000р.;1 день назад;https://www.avito.ru//seredka/vodnyy_transport/prodam_gidrotsikl_brp_rxt_155_1955230228
Гидроцикл yamaha;390000р.;6 дней назад;https://www.avito.ru//pskov/vodnyy_transport/gidrotsikl_yamaha_1314702655
Bombardir 3d 110 л\с 2006г;235000р.;6 дней назад;https://www.avito.ru//pskov/vodnyy_transport/bombardir_3d_110_ls_2006g_1781840589
Bombardier GTX limited;235000р.;17 часов назад;https://www.avito.ru//pskov/vodnyy_transport/bombardier_gtx_limited_999079247
RXT 215;385000р.;8 часов назад;https://www.avito.ru//pskov/vodnyy_transport/rxt_215_1963300321
Sea Doo BRP rxp 260;780000р.;2 недели назад;https://www.avito.ru//pskov/vodnyy_transport/sea_doo_brp_rxp_260_1944994199
BRP RXP 255 RS;650000р.;5 дней назад;https://www.avito.ru//pskov/vodnyy_transport/brp_rxp_255_rs_1255533013
Гидрик;250000р.;3 недели назад;https://www.avito.ru//pskov/vodnyy_transport/gidrik_1928906774
Продам гидр кавасаки;100000р.;3 недели назад;https://www.avito.ru//pskov/vodnyy_transport/prodam_gidr_kavasaki_1786946921
Seadoo RXP BRP;470000р.;1 неделю назад;https://www.avito.ru//pskov/vodnyy_transport/seadoo_rxp_brp_1940187732
BRP sea doo XP limited;165000р.;1 неделю назад;https://www.avito.ru//pskov/vodnyy_transport/brp_sea_doo_xp_limited_1954318784
Xpdi;240000р.;2 недели назад;https://www.avito.ru//velikie_luki/vodnyy_transport/xpdi_1876489756
Brp xp;180000р.;1 неделю назад;https://www.avito.ru//velikie_luki/vodnyy_transport/brp_xp_1949586793
Гидроцикл yamaha wb-800r 2005гв;180000р.;2 недели назад;https://www.avito.ru//velikie_luki/vodnyy_transport/gidrotsikl_yamaha_wb-800r_2005gv_1505006291
Продам yamaha wb800;210000р.;1 неделю назад;https://www.avito.ru//velikie_luki/vodnyy_transport/prodam_yamaha_wb800_1910426500
Yamaha gp 1200r;310000р.;1 день назад;https://www.avito.ru//luga/vodnyy_transport/yamaha_gp_1200r_1966266231
Гидроцикл;100000р.;6 дней назад;https://www.avito.ru//leningradskaya_oblast_tolmachevo/vodnyy_transport/gidrotsikl_1514272733
Гидроцикл BRP GTX IS260;695000р.;2 недели назад;https://www.avito.ru//smolensk/vodnyy_transport/gidrotsikl_brp_gtx_is260_1848115967
Brp rxp 215;320000р.;3 недели назад;https://www.avito.ru//smolensk/vodnyy_transport/brp_rxp_215_1916209185
Гидроцикл yamaha GP800R;250000р.;4 дня назад;https://www.avito.ru//zapadnaya_dvina/vodnyy_transport/gidrotsikl_yamaha_gp800r_1941632471
BRP seadoo GSX;200000р.;1 неделю назад;https://www.avito.ru//shimsk/vodnyy_transport/brp_seadoo_gsx_1932856366
BRP SEA DOO GTI 155;490000р.;1 день назад;https://www.avito.ru//velikiy_novgorod/vodnyy_transport/brp_sea_doo_gti_155_1961129671
Гидроцикл BRP SeaDoo XP ltd;220000р.;2 недели назад;https://www.avito.ru//velikiy_novgorod/vodnyy_transport/gidrotsikl_brp_seadoo_xp_ltd_1110089973
Yamaha superjet 700;270000р.;2 дня назад;https://www.avito.ru//velikiy_novgorod/vodnyy_transport/yamaha_superjet_700_1960337919
Гидроцикл 4-х тактный ямаха VX-1100 sport 2011г.в;400000р.;2 недели назад;https://www.avito.ru//klintsy/vodnyy_transport/gidrotsikl_4-h_taktnyy_yamaha_vx-1100_sport_2011g.v_1924518025
BRP seadoo RX;250000р.;1 неделю назад;https://www.avito.ru//klintsy/vodnyy_transport/brp_seadoo_rx_1857374860
Yamaha super JET;250000р.;5 дней назад;https://www.avito.ru//klintsy/vodnyy_transport/yamaha_super_jet_1718550422
Hutle kraft;197000р.;1 неделю назад;https://www.avito.ru//klintsy/vodnyy_transport/hutle_kraft_1933949585
Гидроцикл BRP bombardir GTX HP sea doo;200000р.;2 недели назад;https://www.avito.ru//roslavl/vodnyy_transport/gidrotsikl_brp_bombardir_gtx_hp_sea_doo_1762078632
Гидроцикл BRP SeaDoo GSX;190000р.;1 неделю назад;https://www.avito.ru//sankt-peterburg/vodnyy_transport/gidrotsikl_brp_seadoo_gsx_1961623920
Бомбардье gsx 110лс;270000р.;3 недели назад;https://www.avito.ru//sankt-peterburg/vodnyy_transport/bombarde_gsx_110ls_1939020447
BRP seadoo XP;199000р.;1 неделю назад;https://www.avito.ru//sankt-peterburg/vodnyy_transport/brp_seadoo_xp_1656024810
BRP XP;210000р.;22 часа назад;https://www.avito.ru//smolenskaya_oblast_safonovo/vodnyy_transport/brp_xp_1579966233
Binelli Sport;250000р.;1 неделю назад;https://www.avito.ru//sankt-peterburg/vodnyy_transport/binelli_sport_1940764863
Brp 215 кузов;35000р.;1 неделю назад;https://www.avito.ru//sankt-peterburg/vodnyy_transport/brp_215_kuzov_1854151029
Yamaha VXR1800;600000р.;2 недели назад;https://www.avito.ru//sankt-peterburg/vodnyy_transport/yamaha_vxr1800_1023320008
Rickter xfs carbon dasa 1100;1050000р.;1 неделю назад;https://www.avito.ru//sankt-peterburg_sestroretsk/vodnyy_transport/rickter_xfs_carbon_dasa_1100_1938593534
Yamaha super jet;160000р.;6 дней назад;https://www.avito.ru//sankt-peterburg/vodnyy_transport/yamaha_super_jet_1926800385
Пантон для гидроцикла;30000р.;2 дня назад;https://www.avito.ru//sankt-peterburg/vodnyy_transport/panton_dlya_gidrotsikla_1961289048
Гидроцикл BRP RXP X 300 RS 2020;1500000р.;4 дня назад;https://www.avito.ru//sankt-peterburg_sestroretsk/vodnyy_transport/gidrotsikl_brp_rxp_x_300_rs_2020_1885668181
Гидроцикл BRP RXT X 300 с музыкой 2020;1600000р.;2 недели назад;https://www.avito.ru//sankt-peterburg_sestroretsk/vodnyy_transport/gidrotsikl_brp_rxt_x_300_s_muzykoy_2020_1949153719
Гидроцикл BRP Wave Boat 525;2000000р.;2 недели назад;https://www.avito.ru//sankt-peterburg_sestroretsk/vodnyy_transport/gidrotsikl_brp_wave_boat_525_1949831797
Гидроцикл BRP GTX 300 Ltd 2020;1700000р.;4 дня назад;https://www.avito.ru//sankt-peterburg_sestroretsk/vodnyy_transport/gidrotsikl_brp_gtx_300_ltd_2020_1917348211
Гидроцикл yamaha FX Cruiser 1800 2014;1000000р.;3 недели назад;https://www.avito.ru//sankt-peterburg_sestroretsk/vodnyy_transport/gidrotsikl_yamaha_fx_cruiser_1800_2014_1917620339
Гидроцикл Spark-3up;550000р.;2 недели назад;https://www.avito.ru//sankt-peterburg/vodnyy_transport/gidrotsikl_spark-3up_1798128347
Гидроцикл BRP sea doo GTI 130 2013;599000р.;4 дня назад;https://www.avito.ru//sankt-peterburg_zelenogorsk/vodnyy_transport/gidrotsikl_brp_sea_doo_gti_130_2013_928109801
BRP XP DI;299900р.;6 дней назад;https://www.avito.ru//sankt-peterburg/vodnyy_transport/brp_xp_di_1969347023
Yamaha Super Jet 700 2007;260000р.;5 дней назад;https://www.avito.ru//sankt-peterburg/vodnyy_transport/yamaha_super_jet_700_2007_972811104
Sea Doo GTS 130 гидроцикл;485000р.;1 неделю назад;https://www.avito.ru//sankt-peterburg/vodnyy_transport/sea_doo_gts_130_gidrotsikl_1859507470
Brp Rxp 300 2017г;1200000р.;5 дней назад;https://www.avito.ru//sankt-peterburg/vodnyy_transport/brp_rxp_300_2017g_1952258605
;0
